Title,Date
"Carmen Sandiego: Season 2: The Need for Speed Caper","6/30/22"
"Totally Spies!: Shrinking","6/30/22"
"Blue Period: Our Color Blue","6/29/22"
"Man Vs Bee: Chapter 1","6/29/22"
"Man Vs Bee: Chapter 9","6/29/22"
"Carmen Sandiego: To Steal or Not to Steal","6/28/22"
"Totally Spies!: Spy Gladiators","6/28/22"
"Man Vs Bee: Chapter 8","6/28/22"
"Man Vs Bee: Chapter 7","6/28/22"
"Totally Spies!: Silicon Valley Girls","6/27/22"
"Man Vs Bee: Chapter 6","6/26/22"
"Man Vs Bee: Chapter 5","6/26/22"
"Aggretsuko: Season 1: A Day in the Life of Retsuko","6/26/22"
"Blue Period: Wandering Knife","6/26/22"
"Blue Period: Brain-Racking","6/26/22"
"The Future Of: Dating","6/25/22"
"Man Vs Bee: Chapter 4","6/25/22"
"Man Vs Bee: Chapter 3","6/25/22"
"Man Vs Bee: Chapter 2","6/25/22"
"Photon","6/24/22"
"Spiderhead","6/24/22"
"A Beautiful Mind","6/24/22"
"The Change-Up","6/24/22"
"Jack Reacher: Never Go Back","6/24/22"
"Totally Spies!: Child's Play","6/24/22"
"Totally Spies!: Abductions","6/22/22"
"Totally Spies!: The Fugitives","6/21/22"
"Totally Spies!: Model Citizens","6/20/22"
"My Name: Episode 1","6/18/22"
"Totally Spies!: The Eraser","6/18/22"
"Totally Spies!: Get Away","6/16/22"
"Totally Spies!: The New Jerry","6/15/22"
"Beyond Stranger Things: Beyond 2: Mind Blown","6/15/22"
"Steve Jobs","6/15/22"
"Blue Period: The Start of the First Exam","6/14/22"
"Totally Spies!: Queen for a Day","6/13/22"
"Totally Spies!: A Thing for Musicians","6/13/22"
"Elite: Season 5: Your Side of the World and Mine","6/11/22"
"Blue Period: Serious Mental Breakdown","6/11/22"
"Blue Period: Helpless Even If I Know What To Do","6/10/22"
"Blue Period: Awakening to the Joy of Painting","6/9/22"
"Blue Period: Where Are We Headed?","6/9/22"
"Blue Period: Prep School Debut of the Dead","6/9/22"
"Blue Period: He's Not Tanned At All","6/9/22"
"Rick and Morty: Season 4: Star Mort Rick Turn of the Jerri","6/6/22"
"Elite: Season 5: Toxic","6/5/22"
"Arcane: Welcome to the Playground","6/3/22"
"Arcane: The Monster You Created","6/3/22"
"Elon Musk: The Real Life Iron Man","6/3/22"
"The Big Short","6/3/22"
"Elite: Season 5: Can't Buy My Love","6/2/22"
"Rick and Morty: Season 4: Childrick of Mort","6/2/22"
"Elite: Season 5: Please, Tell the Truth","6/1/22"
"Rick and Morty: Season 4: The Vat of Acid Episode","6/1/22"
"Ocean's 8","5/29/22"
"Arcane: Oil and Water","5/27/22"
"Rick and Morty: Season 4: Promortyus","5/26/22"
"Rick and Morty: Season 4: Never Ricking Morty","5/25/22"
"Rick and Morty: Season 4: Rattlestar Ricklactica","5/25/22"
"Rick and Morty: Season 4: Claw and Hoarder: Special Ricktim’s Morty","5/25/22"
"Super Drags: Lipsync Time","5/25/22"
"Arcane: The Boy Savior","5/23/22"
"Arcane: When These Walls Come Tumbling Down","5/21/22"
"Rick and Morty: Season 4: One Crew over the Crewcoo’s Morty","5/21/22"
"Rick and Morty: Season 4: The Old Man and the Seat","5/20/22"
"Keeping Up with the Kardashians: Season 10: The New Normal","5/20/22"
"Elite: Season 5: The Body","5/19/22"
"Elite: Season 5: Tie Me Up","5/18/22"
"Rick and Morty: Season 4: Edge of Tomorty: Rick Die Rickpeat","5/18/22"
"Arcane: Everybody Wants to Be My Enemy","5/16/22"
"The Takedown","5/15/22"
"Arcane: Happy Progress Day!","5/14/22"
"Arcane: The Base Violence Necessary for Change","5/12/22"
"Arcane: Some Mysteries Are Better Left Unsolved","5/11/22"
"Rick and Morty: Season 3: The Rickchurian Mortydate","5/9/22"
"Rick and Morty: Season 3: The ABC's of Beth","5/7/22"
"The 7 Lives of Lea: Limited Series: June 15th","5/6/22"
"Rick and Morty: Season 3: Morty's Mind Blowers","5/3/22"
"Elite: Season 5: Anything Goes","5/2/22"
"Elite: Season 5: I Killed Him","5/2/22"
"Avatar: The Last Airbender: Book 1: The Siege of the North: Part 1","4/24/22"
"Avatar: The Last Airbender: Book 1: The Waterbending Master","4/24/22"
"Elite: Season 4: When Lies Dance with Temptation","4/22/22"
"Rick and Morty: Season 3: Rest and Ricklaxation","4/22/22"
"Rick and Morty: Season 3: The Ricklantis Mixup","4/22/22"
"Avatar: The Last Airbender: Book 1: The Northern Air Temple","4/21/22"
"Avatar: The Last Airbender: Book 1: The Deserter","4/20/22"
"Rick and Morty: Season 3: The Whirly Dirly Conspiracy","4/19/22"
"Explained: Season 2: Beauty","4/17/22"
"Explained: Season 3: Chess","4/17/22"
"ariana grande: excuse me, i love you","4/16/22"
"Baywatch","4/16/22"
"Breaking Bad: Season 1: The Cat's in the Bag","4/16/22"
"Breaking Bad: Season 1: Pilot","4/16/22"
"Elite: Season 4: The New Order","4/16/22"
"Avatar: The Last Airbender: Book 1: Bato of the Water Tribe","4/15/22"
"Elite: Season 4: Five Seconds","4/15/22"
"Elite: Season 4: Before I Go (Part II)","4/15/22"
"Rick and Morty: Season 3: Vindicators 3:  The Return of Worldender","4/13/22"
"Avatar: The Last Airbender: Book 1: The Fortune-Teller","4/12/22"
"Avatar: The Last Airbender: Book 1: The Blue Spirit","4/12/22"
"Rick and Morty: Season 3: Pickle Rick","4/12/22"
"The Legend of Korra: Book One: Air: Welcome to Republic City","4/11/22"
"Avatar: The Last Airbender: Book 1: The Storm","4/11/22"
"Avatar: The Last Airbender: Book 1: The Great Divide","4/11/22"
"Avatar: The Last Airbender: Book 1: Jet","4/10/22"
"Avatar: The Last Airbender: Book 1: The Waterbending Scroll","4/10/22"
"Avatar: The Last Airbender: Book 1: Winter Solstice: Part 2: Avatar Roku","4/8/22"
"Avatar: The Last Airbender: Book 1: Winter Solstice: Part 1: The Spirit World","4/8/22"
"An Astrological Guide for Broken Hearts: Season 1: Aries","4/8/22"
"Avatar: The Last Airbender: Book 1: Imprisoned","4/7/22"
"Avatar: The Last Airbender: Book 1: The King of Omashu","4/7/22"
"Avatar: The Last Airbender: Book 1: The Warriors of Kyoshi","4/6/22"
"Avatar: The Last Airbender: Book 1: The Southern Air Temple","4/6/22"
"Avatar: The Last Airbender: Book 1: The Avatar Returns","4/5/22"
"Avatar: The Last Airbender: Book 1: The Boy in the Iceberg","4/5/22"
"Avatar: The Last Airbender: Book 2: The Avatar State","4/5/22"
"Rick and Morty: Season 3: The Rickshank Rickdemption","4/3/22"
"I Am Georgina: New city, new plans, and good news...","3/30/22"
"The Billion Dollar Code: Limited Series: Episode 4","3/28/22"
"The Billion Dollar Code: Limited Series: Episode 3","3/28/22"
"Rick and Morty: Season 2: The Ricks Must Be Crazy","3/24/22"
"Rick and Morty: Season 2: The Wedding Squanchers","3/24/22"
"Rick and Morty: Season 2: Look Who's Purging Now","3/22/22"
"Rick and Morty: Season 2: Interdimensional Cable 2: Tempting Fate","3/22/22"
"The Billion Dollar Code: Limited Series: Episode 2","3/16/22"
"Rick and Morty: Season 2: Big Trouble in Little Sanchez","3/15/22"
"Rick and Morty: Season 1: Ricksy Business","3/15/22"
"The Billion Dollar Code: Limited Series: Episode 1","3/15/22"
"Autumn Girl","3/12/22"
"Rick and Morty: Season 2: Get Schwifty","3/10/22"
"Rick and Morty: Season 2: Total Rickall","3/9/22"
"Rick and Morty: Season 2: Auto Erotic Assimilation","3/9/22"
"Rick and Morty: Season 2: Mortynight Run","3/7/22"
"Rick and Morty: Season 2: A Rickle in Time","3/7/22"
"Rick and Morty: Season 1: Close Rick-counters of the Rick Kind","3/3/22"
"Rick and Morty: Season 1: Something Ricked This Way Comes","3/1/22"
"Rick and Morty: Season 1: Rixty Minutes","3/1/22"
"The Tinder Swindler","2/28/22"
"The Hunger Games: Catching Fire","2/28/22"
"Rick and Morty: Season 1: Raising Gazorpazorp","2/24/22"
"Rick and Morty: Season 1: Rick Potion #9","2/24/22"
"jeen-yuhs: A Kanye Trilogy: act i: VISION","2/23/22"
"The Silent Sea: The Silent Sea","2/22/22"
"The Silent Sea: Luna","2/22/22"
"Rick and Morty: Season 1: Meeseeks and Destroy","2/22/22"
"The Silent Sea: Key to Salvation","2/21/22"
"Rick and Morty: Season 1: Anatomy Park","2/21/22"
"Rick and Morty: Season 1: Lawnmower Dog","2/21/22"
"Rick and Morty: Season 1: Pilot","2/21/22"
"I Am Georgina: Back to the beginning","2/21/22"
"The Silent Sea: Secret Storage","2/16/22"
"The Silent Sea: The Truth Comes Out","2/15/22"
"The Silent Sea: Cause of Death","2/14/22"
"The Silent Sea: Three Storages","2/13/22"
"I Am Georgina: Football, holidays and gender reveal...","2/13/22"
"The Silent Sea: Balhae Lunar Research Station","2/12/22"
"Inventing Anna: Limited Series: Life of a VIP","2/12/22"
"How to Get Away With Murder: Season 1: Pilot","2/11/22"
"I Am Georgina: Hectic days","2/10/22"
"Life or Something Like It","2/8/22"
"I Am Georgina: Blink, and you'll miss it...","2/6/22"
"Captain Phillips","2/5/22"
"The Talented Mr. Ripley","2/4/22"
"Neymar: The Perfect Chaos: Limited Series: This is Paris","2/3/22"
"I Am Georgina: The day that changed my life...","2/3/22"
"The Woman in the House Across the Street from the Girl in the Window: Episode 1","2/1/22"
"Anon","1/28/22"
"Neymar: The Perfect Chaos: Limited Series: The Comeback","1/27/22"
"Neymar: The Perfect Chaos: Limited Series: The Great Brazilian Promise","1/25/22"
"Knight and Day","1/22/22"
"Love & Other Drugs","1/20/22"
"Mission: Impossible II","1/20/22"
"In Time","1/18/22"
"Get Smart","1/14/22"
"Sonic the Hedgehog","1/14/22"
"Catch Me If You Can","1/13/22"
"The Social Network","1/11/22"
"Kitz: Countdown","1/11/22"
"How I Became a Gangster","1/11/22"
"Control Z: Season 2: You Can’t Bury the Past","1/11/22"
"Rebelde: Season 1: Welcome All","1/11/22"
"Emily in Paris: Season 2: French Revolution","1/10/22"
"Emily in Paris: Season 2: Scents & Sensibility","1/9/22"
"Emily in Paris: Season 2: Champagne Problems","1/9/22"
"Stay Close: Limited Series: Episode 2","1/8/22"
"Stay Close: Limited Series: Episode 8","1/8/22"
"Stay Close: Limited Series: Episode 7","1/8/22"
"Stay Close: Limited Series: Episode 1","1/8/22"
"Stay Close: Limited Series: Episode 6","1/8/22"
"Stay Close: Limited Series: Episode 5","1/5/22"
"Stay Close: Limited Series: Episode 4","1/5/22"
"Stay Close: Limited Series: Episode 3","1/4/22"
"Emily in Paris: Season 2: The Cook, the Thief, Her Ghost and His Lover","1/4/22"
"Emily in Paris: Season 2: Boiling Point","1/3/22"
"Don't Look Up","1/2/22"
"Emily in Paris: Season 2: An Englishman in Paris","1/1/22"
"Emily in Paris: Season 2: Jules and Em","12/30/21"
"Emily in Paris: Season 2: Bon Anniversaire!","12/30/21"
"Emily in Paris: Season 2: Do You Know the Way to St. Tropez?","12/29/21"
"Emily in Paris: Season 2: Voulez-Vous Coucher Avec Moi?","12/29/21"
"Spoiled Brats","12/26/21"
"Elite Short Stories: Samuel Omar: Part 3","12/24/21"
"Elite Short Stories: Samuel Omar: Part 2","12/24/21"
"Elite Short Stories: Samuel Omar: Part 1","12/24/21"
"Elite Short Stories: Patrick: Part 3","12/24/21"
"Elite Short Stories: Patrick: Part 2","12/24/21"
"Elite Short Stories: Patrick: Part 1","12/24/21"
"Money Heist: Part 5: A Family Tradition","12/22/21"
"Money Heist: Part 5: Pillow Talk","12/21/21"
"Money Heist: Part 5: The Elegance Theory","12/20/21"
"Money Heist: Part 5: Wishful Thinking","12/20/21"
"Elite Short Stories: Phillipe Caye Felipe: Part 1","12/18/21"
"Elite Short Stories: Phillipe Caye Felipe: Part 3","12/18/21"
"Elite Short Stories: Phillipe Caye Felipe: Part 2","12/18/21"
"Money Heist: Part 2: Episode 7","12/17/21"
"Money Heist: Part 5: Escape Valve","12/17/21"
"Money Heist: Part 5: Live Many Lives","12/17/21"
"The Mind, Explained: Season 2: Brainwashing","12/17/21"
"Lupin: Part 2: Chapter 10","12/16/21"
"Lupin: Part 2: Chapter 9","12/15/21"
"The Mind, Explained: Season 2: Creativity","12/15/21"
"Dealer: Spielberg","12/12/21"
"Lupin: Part 2: Chapter 8","12/12/21"
"Lupin: Part 2: Chapter 7","12/9/21"
"Lupin: Part 2: Chapter 6","12/7/21"
"Lupin: Part 1: Chapter 5","12/6/21"
"Lupin: Part 1: Chapter 4","12/5/21"
"Lupin: Part 1: Chapter 3","12/2/21"
"Lupin: Part 1: Chapter 2","11/30/21"
"The Mind, Explained: Season 2: Personality","11/30/21"
"Lupin: Part 1: Chapter 1","11/29/21"
"Elite Short Stories: Nadia Guzmán: Part 2","11/29/21"
"The Mind, Explained: Season 2: Teenage Brain","11/29/21"
"The Mind, Explained: Season 2: How to Focus","11/27/21"
"Ex Machina","11/26/21"
"Insatiable: Season 1: Pilot","11/24/21"
"Insatiable: Season 1: Skinny Is Magic","11/24/21"
"Army of Thieves","11/23/21"
"Red Notice","11/19/21"
"Sense8: Season 2: Happy F*cking New Year.","11/18/21"
"The Queen's Gambit: Limited Series: End Game","11/16/21"
"Elite Short Stories: Nadia Guzmán: Part 1","11/16/21"
"Inside Job: The Brettfast Club","11/16/21"
"The Queen's Gambit: Limited Series: Adjournment","11/13/21"
"The Queen's Gambit: Limited Series: Fork","11/11/21"
"The Queen's Gambit: Limited Series: Middle Game","11/8/21"
"The Queen's Gambit: Limited Series: Doubled Pawns","11/6/21"
"The Queen's Gambit: Limited Series: Exchanges","11/6/21"
"The Queen's Gambit: Limited Series: Openings","11/6/21"
"Komi Can't Communicate: It's just, I wish I could speak.","11/6/21"
"Inside Job: Sex Machina","11/1/21"
"Inside Job: Blue Bloods","10/31/21"
"Inside Job: Clone Gunman","10/30/21"
"The Intern","10/29/21"
"Inside Job: Unpresidented","10/29/21"
"Travis Scott: Look Mom I Can Fly","10/25/21"
"Generation 56k: Come mai","10/25/21"
"Clickbait: Limited Series: The Wife","10/25/21"
"Night Teeth","10/25/21"
"Insiders: Season 1: Streaming Life","10/23/21"
"Clickbait: Limited Series: The Detective","10/22/21"
"Clickbait: Limited Series: The Sister","10/22/21"
"The Hustle","10/19/21"
"Explained: Season 3: Fairy Tales","10/18/21"
"Explained: Season 3: Country Music","10/18/21"
"Explained: Season 3: Time","10/13/21"
"Squid Game: Season 1: Stick to the Team","10/13/21"
"Squid Game: Season 1: Red Light, Green Light","10/13/21"
"Never Have I Ever: Season 2: ... opened a textbook","10/11/21"
"Never Have I Ever: Season 2: ... had an Indian frenemy","10/11/21"
"The Five Juanas: Aftershocks","10/11/21"
"Mr. Robot: Season 1: eps1.1_ones-and-zer0es.mpeg","10/11/21"
"Mr. Robot: Season 1: eps1.0_hellofriend.mov","10/11/21"
"Squid Game: Season 1: One Lucky Day","10/10/21"
"Squid Game: Season 1: Front Man","10/10/21"
"A Certain Scientific Railgun: Asunaro Park","10/10/21"
"A Certain Scientific Railgun: Tsuzuri's Summer Vacation","10/10/21"
"Squid Game: Season 1: VIPS","10/9/21"
"Squid Game: Season 1: Gganbu","10/8/21"
"Squid Game: Season 1: A Fair World","10/6/21"
"Squid Game: Season 1: The Man with the Umbrella","10/4/21"
"Squid Game: Season 1: Hell","10/3/21"
"I Am Not Okay With This: Dear Diary...","10/3/21"
"Dear White People: Volume 1: Chapter I","10/3/21"
"Shiny_Flakes: The Teenage Drug Lord","10/3/21"
"Alien Worlds: Terra","9/29/21"
"How to Sell Drugs Online (Fast): Season 3: A misdemeanor, a little trip","9/29/21"
"How to Sell Drugs Online (Fast): Season 3: A single failure, a little slip","9/29/21"
"Ocean's Eleven","9/28/21"
"Sex Education: Season 3: Episode 8","9/28/21"
"Sex Education: Season 3: Episode 7","9/28/21"
"Sex Education: Season 3: Episode 6","9/28/21"
"Sex Education: Season 3: Episode 5","9/26/21"
"Sex Education: Season 3: Episode 4","9/26/21"
"Sex Education: Season 3: Episode 3","9/26/21"
"Sex Education: Season 3: Episode 2","9/23/21"
"Sex Education: Season 3: Episode 1","9/23/21"
"Sex Education: Season 2: Episode 8","9/23/21"
"Money Heist: From Tokyo to Berlin: Volume 1: Episode 1","9/20/21"
"Elite Short Stories: Guzmán Caye Rebe: Part 3","9/19/21"
"Elite Short Stories: Guzmán Caye Rebe: Part 2","9/19/21"
"Elite Short Stories: Guzmán Caye Rebe: Part 1","9/19/21"
"Elite Short Stories: Omar Ander Alexis: Part 1","9/17/21"
"Elite Short Stories: Carla Samuel: Part 3","9/17/21"
"Elite Short Stories: Carla Samuel: Part 2","9/17/21"
"Elite: Season 4: Before I Go (Part I)","9/16/21"
"Explained: Season 3: Hurricanes","9/16/21"
"A Certain Scientific Railgun: Academy City","9/16/21"
"Elite: Season 4: I Love You All Wrong","9/14/21"
"A Certain Scientific Railgun: Skill Out","9/14/21"
"A Certain Scientific Railgun: Special Workshop","9/13/21"
"Elite: Season 4: Reintegration","9/12/21"
"Elite: Season 4: I'm a...","9/12/21"
"Elite Short Stories: Carla Samuel: Part 1","9/11/21"
"Elite: Season 3: Polo","9/11/21"
"Money Heist: Part 5: Your Place in Heaven","9/10/21"
"Money Heist: Part 5: Welcome to the Spectacle of Life","9/10/21"
"Money Heist: Part 5: Do You Believe in Reincarnation?","9/10/21"
"Birds of Prey (And the Fantabulous Emancipation of One Harley Quinn)","9/10/21"
"Money Heist: Part 5: The End of the Road","9/8/21"
"A Certain Scientific Railgun: A Bikini Divides the Eyeline Between Top and Bottom, but a One-Piece Shows Off the Figure so They Only Flatter the Slender","9/6/21"
"A Certain Scientific Railgun: When Working Under a Hot Sun, Rehydration is Essential","9/4/21"
"A Certain Scientific Railgun: AIM Burst","9/4/21"
"A Certain Scientific Railgun: Dr. Kiyama","9/2/21"
"A Certain Scientific Railgun: Silent Majority","8/31/21"
"A Certain Scientific Railgun: Majority Report","8/30/21"
"A Certain Scientific Railgun: Level Upper","8/30/21"
"He's All That","8/28/21"
"The Babysitter","8/27/21"
"A Certain Scientific Railgun: Abilities and Powers","8/26/21"
"A Certain Scientific Railgun: Everyone is Proactive When It Comes to This","8/19/21"
"A Certain Scientific Railgun: A Certain Pair of New Trainees","8/18/21"
"A Certain Scientific Railgun: Urban Legends","8/18/21"
"Generation 56k: The Gift","8/17/21"
"A Certain Scientific Railgun: Tokiwadai is Targeted","8/17/21"
"Generation 56k: Fidelity","8/16/21"
"Explained: Season 3: Dogs","8/16/21"
"Explained: Season 3: The End of Oil","8/14/21"
"A Certain Scientific Railgun: Electromaster","8/13/21"
"SHAMAN KING: The Boy Who Dances with Ghosts","8/12/21"
"The Seven Deadly Sins: The Seven Deadly Sins","8/12/21"
"High-Rise Invasion: I Just Don't Get This World","8/10/21"
"Toradora!: Tiger and Dragon","8/10/21"
"Toradora!: Taiga and Ryuji","8/10/21"
"Generation 56k: Research and Development","8/6/21"
"Generation 56k: The Woodworm","8/5/21"
"Generation 56k: The Date","8/3/21"
"Looney Tunes: Back in Action","7/28/21"
"Space Jam","7/28/21"
"Explained: Season 3: Royalty","7/28/21"
"Creating an Army of the Dead","7/26/21"
"Biohackers: Season 2: Remember","7/23/21"
"Biohackers: Season 2: Find","7/23/21"
"Biohackers: Season 2: Forget","7/22/21"
"Biohackers: Season 2: Partners","7/22/21"
"Biohackers: Season 2: Enemies","7/21/21"
"Biohackers: Season 2: Awake","7/20/21"
"Biohackers: Season 1: Arrival","7/18/21"
"Biohackers: Season 1: Fate","7/18/21"
"Never Have I Ever: Season 2: ... thrown a rager","7/17/21"
"Sex, Explained: Limited Series: Birth Control","7/17/21"
"Explained: Season 3: Sugar","7/17/21"
"Never Have I Ever: Season 2: ... been a playa","7/16/21"
"Never Have I Ever: Season 1: ... said I'm sorry","7/16/21"
"Never Have I Ever: Season 1: Pilot","7/16/21"
"Explained: Season 1: Can We Live Forever?","7/15/21"
"Explained: Season 2: Diamonds","7/15/21"
"Black Holes | The Edge of All We Know","7/3/21"
"Once Upon a Time in Hollywood","6/24/21"
"League of Legends Origins","6/10/21"
"Money, Explained: Limited Series: Gambling","6/3/21"
"Money, Explained: Limited Series: Student Loans","6/3/21"
"Flavors of Youth: International Version","6/2/21"
"Money, Explained: Limited Series: Credit Cards","6/1/21"
"Girl from Nowhere: Season 1: Trophy","6/1/21"
"Money, Explained: Limited Series: Get Rich Quick","5/31/21"
"Sexify: Season 1: Episode 4","5/25/21"
"Sexify: Season 1: Episode 3","5/25/21"
"A.I.C.O.: Decision","5/25/21"
"Girl from Nowhere: Season 1: Apologies","5/18/21"
"Girl from Nowhere: Season 1: The Ugly Truth","5/17/21"
"Sexify: Season 1: Episode 2","5/13/21"
"Sexify: Season 1: Episode 1","5/10/21"
"A.I.C.O.: Target","5/6/21"
"A.I.C.O.: Contact","5/6/21"
"Two Distant Strangers","5/2/21"
"The Asterisk War: Reunion","5/2/21"
"The Asterisk War: The Lonely Strega","5/2/21"
"The Asterisk War: Lieseltania","5/2/21"
"The Asterisk War: Clinching Victory","4/29/21"
"The Asterisk War: Ser Veresta","4/27/21"
"The Asterisk War: THE PHOENIX SHOWDOWN","4/27/21"
"The Asterisk War: Battle Song","4/27/21"
"The Asterisk War: Scrambling","4/25/21"
"Ultramarine Magmell: ANGLER","4/25/21"
"The Asterisk War: Evil Hand in the Fog","4/25/21"
"The Asterisk War: Decisions and Duels","4/25/21"
"The Asterisk War: The Tyrant’s Puppet Strings","4/25/21"
"The Asterisk War: Never Back Down","4/22/21"
"The Asterisk War: Breaking the Memory Barrier","4/21/21"
"The Asterisk War: The Witch of the Resplendent Flames","4/19/21"
"The Asterisk War: Corrupt Ruler","4/19/21"
"The Asterisk War: Divine Revelations","4/18/21"
"The Asterisk War: The Gravi-Sheath","4/17/21"
"The Asterisk War: Power and its Price","4/17/21"
"The Asterisk War: Tyrant Vampire Princess","4/15/21"
"The Asterisk War: The Phoenix Festa","4/14/21"
"The Asterisk War: A Holiday for Two, Part Two","4/12/21"
"Focus","4/11/21"
"The Asterisk War: Lightning Blade Speed","4/9/21"
"The Asterisk War: A Holiday for Two","4/9/21"
"The Asterisk War: Unshackled","4/9/21"
"Greenhouse Academy: Season 1: Pilot","4/7/21"
"Omniscient: Who wants to dive in first?","4/5/21"
"Broken: Deadly Dressers","4/5/21"
"Zodiac","4/4/21"
"Kakegurui: Episode 1","4/4/21"
"DEATH NOTE: Death Note: Rebirth","4/4/21"
"Sword Art Online the Movie: Ordinal Scale","4/3/21"
"Sword Art Online: Sword Art Online II: Mother's Rosario","3/30/21"
"Sword Art Online: Sword Art Online II: The Dream Begins","3/29/21"
"Sword Art Online: Sword Art Online II: The End of the Journey","3/29/21"
"Sword Art Online: Sword Art Online II: The Monument of the Swordsmen","3/27/21"
"Sword Art Online: Sword Art Online II: Sleeping Knights","3/27/21"
"Sword Art Online: Sword Art Online II: Zekken","3/27/21"
"Sword Art Online: Sword Art Online II: House in the Forest","3/27/21"
"Sword Art Online: Sword Art Online II: Queen of the Lake","3/26/21"
"Sword Art Online: Sword Art Online II: Excalibur","3/26/21"
"Sword Art Online: Sword Art Online II: King of the Giants","3/25/21"
"Sword Art Online: Sword Art Online II: Memories of Fresh Blood","3/24/21"
"Sword Art Online: Sword Art Online II: Cold-Hearted Sniper","3/24/21"
"Sword Art Online: The World of Swords","3/24/21"
"Sword Art Online: Sword Art Online II: One Small Step","3/24/21"
"Sword Art Online: Sword Art Online II: Phantom Bullet","3/24/21"
"Sword Art Online: Sword Art Online II: Showdown in the Wilderness","3/24/21"
"Sword Art Online: The End of the World","3/24/21"
"Sword Art Online: Edge of Hell's Abyss","3/24/21"
"Sword Art Online: Yui's Heart","3/24/21"
"Sword Art Online: The Girl of Morning Dew","3/24/21"
"Sword Art Online: Crimson Killing Intent","3/24/21"
"Sword Art Online: The Blue-Eyed Demon","3/24/21"
"Sword Art Online: The Sword Dance of Black and White","3/24/21"
"Sword Art Online: The Temperature of the Heart","3/24/21"
"Sword Art Online: Illusionary Avenger","3/24/21"
"Sword Art Online: Sword Art Online II: Bullet of a Phantom","3/23/21"
"Sword Art Online: Sword Art Online II: What It Means to Be Strong","3/22/21"
"Sword Art Online: Sword Art Online II: Death Chaser","3/22/21"
"Sword Art Online: Sword Art Online II: Death Gun","3/22/21"
"Sword Art Online: Sword Art Online II: Bullet of Bullets","3/21/21"
"Sword Art Online: Sword Art Online II: Crimson Memories","3/21/21"
"Sword Art Online: Sword Art Online II: Guns and Swords","3/20/21"
"Sword Art Online: Sword Art Online II: GGO","3/19/21"
"Sword Art Online: Sword Art Online II: The World of Guns","3/19/21"
"Sword Art Online: The World Seed","3/18/21"
"Sword Art Online: Gilded Hero","3/18/21"
"Great Pretender: Season 1: Case 1_1: Los Angeles Connection","3/18/21"
"Sword Art Online: Bonds","3/17/21"
"Sword Art Online: The Grand Quest","3/16/21"
"Sword Art Online: The Truth About Alfheim","3/15/21"
"Sword Art Online: General of the Blazing Flame","3/12/21"
"Sword Art Online: The Legrue Corridor","3/12/21"
"Sword Art Online: To the World Tree","3/11/21"
"Sword Art Online: Captive Queen","3/11/21"
"Sword Art Online: Land of the Fairies","3/11/21"
"Sword Art Online: Return","3/10/21"
"Sword Art Online: Murder in the Safe Zone","3/6/21"
"Sword Art Online: The Black Swordsman","3/6/21"
"Sword Art Online: The Red-Nosed Reindeer","3/5/21"
"Sword Art Online: Beater","3/5/21"
"Sex Education: Season 1: Episode 1","3/5/21"
"Sex Education: Season 1: Episode 3","3/5/21"
"Ted","3/5/21"
"Headspace Guide to Meditation: How to Get Started","3/3/21"
"Alice in Borderland: Season 1: Episode 8","3/2/21"
"Alice in Borderland: Season 1: Episode 7","3/1/21"
"Alice in Borderland: Season 1: Episode 6","2/28/21"
"Alice in Borderland: Season 1: Episode 5","2/27/21"
"Alice in Borderland: Season 1: Episode 4","2/26/21"
"Alice in Borderland: Season 1: Episode 3","2/25/21"
"Alice in Borderland: Season 1: Episode 2","2/23/21"
"Alice in Borderland: Season 1: Episode 1","2/22/21"
"Omniscient: This is our Pandora's Box","2/20/21"
"Explained: Season 1: The Female Orgasm","2/20/21"
"Brooklyn Nine-Nine: Season 1: Pilot","2/20/21"
"Omniscient: A good person who's done a horrible thing","2/18/21"
"Charlotte: I Think About Others","2/18/21"
"Kissing Game: got you!","2/16/21"
"She-Ra and the Princesses of Power: Season 1: The Sword Part 2","2/15/21"
"She-Ra and the Princesses of Power: Season 1: The Sword Part 1","2/15/21"
"Run On: Episode 1","2/15/21"
"Omniscient: I committed a crime","2/14/21"
"Miss Americana","2/13/21"
"HOMECOMING: A film by Beyoncé","2/13/21"
"Set It Up","2/13/21"
"The Great Hack","2/13/21"
"To All the Boys I’ve Loved Before","2/13/21"
"Explained: Season 2: Coding","2/12/21"
"Abstract: The Art of Design: Season 1: Christoph Niemann: Illustration","2/11/21"
"Carmen Sandiego: Season 4: The Dark Red Caper","2/11/21"
"Explained: Season 2: The Future of Meat","2/11/21"
"Carmen Sandiego: Season 4: The Viennese Waltz Caper","2/10/21"
"Carmen Sandiego: Season 4: The Egyptian Decryption Caper","2/10/21"
"Carmen Sandiego: Season 1: The French Connection Caper","2/8/21"
"Carmen Sandiego: Season 1: The Fishy Doubloon Caper","2/8/21"
"Carmen Sandiego: Season 1: The Sticky Rice Caper","2/7/21"
"Carmen Sandiego: Season 1: Becoming Carmen Sandiego: Part II","2/7/21"
"Carmen Sandiego: Season 1: Becoming Carmen Sandiego: Part I","2/6/21"
"Carmen Sandiego: Season 4: The V.I.L.E. History Caper","2/6/21"
"Three Identical Strangers","2/5/21"
"Carmen Sandiego: Season 4: The Himalayan Rescue Caper","2/3/21"
"Carmen Sandiego: Season 4: The Robo Caper","2/1/21"
"Carmen Sandiego: Season 4: The Big Bad Ivy Caper","2/1/21"
"Carmen Sandiego: Season 4: The Beijing Bullion Caper","1/31/21"
"Carmen Sandiego: Season 3: The Jolly Good Show Caper","1/31/21"
"Carmen Sandiego: Season 3: The Masks of Venice Caper","1/30/21"
"Carmen Sandiego: Season 3: The Haunted Bayou Caper","1/29/21"
"Carmen Sandiego: Season 3: The Day of the Dead Caper","1/29/21"
"Suits: Season 4: Two in the Knees","1/28/21"
"Carmen Sandiego: Season 3: The Luchadora Tango Caper","1/28/21"
"Carmen Sandiego: Season 1: The Lucky Cat Caper","1/22/21"
"Carmen Sandiego: Season 1: The Chasing Paper Caper","1/22/21"
"Carmen Sandiego: Season 2: The Fashionista Caper","1/22/21"
"Bling Empire: Season 1: Necklacegate 90210","1/19/21"
"Call My Agent!: Season 1: Cécile","1/19/21"
"Creating The Queen's Gambit","1/18/21"
"Holidate","1/5/21"
"All My Friends Are Dead","1/3/21"
"Dr. Seuss' The Grinch","1/3/21"
"Friends with Benefits","1/3/21"
"Suits: Season 4: Breakfast, Lunch and Dinner","1/2/21"
"Private Lives: Episode 2","12/28/20"
"Suits: Season 4: One-Two-Three Go...","12/27/20"
"Start-Up: START-UP","12/25/20"
"Suits: Season 1: Pilot Part 1 & 2","12/23/20"
"Suits: Season 3: No Way Out","12/23/20"
"Suits: Season 3: Know When to Fold 'Em","12/22/20"
"Suits: Season 3: Heartburn","12/20/20"
"Suits: Season 3: Moot Point","12/18/20"
"Suits: Season 3: Yesterday’s Gone","12/17/20"
"Suits: Season 3: Buried Secrets","12/15/20"
"Suits: Season 3: Stay","12/13/20"
"Private Lives: Episode 1","12/12/20"
"Alien Worlds: Eden","12/11/20"
"Alien Worlds: Janus","12/11/20"
"Suits: Season 3: Bad Faith","12/9/20"
"Alien Worlds: Atlas","12/8/20"
"Suits: Season 3: Endgame","12/7/20"
"Suits: Season 3: She's Mine","12/6/20"
"Suits: Season 3: The Other Time","12/5/20"
"Shawn Mendes: In Wonder","12/4/20"
"Suits: Season 3: Shadow of a Doubt","12/2/20"
"Suits: Season 3: Conflict of Interest","11/30/20"
"Suits: Season 3: Unfinished Business","11/27/20"
"Suits: Season 3: I Want You to Want Me","11/26/20"
"Suits: Season 3: The Arrangement","11/25/20"
"Suits: Season 2: War","11/24/20"
"Suits: Season 2: Normandy","11/23/20"
"Suits: Season 2: He's Back","11/22/20"
"Suits: Season 2: Zane Vs. Zane","11/21/20"
"Suits: Season 2: Blood in the Water","11/20/20"
"Suits: Season 2: Blind-Sided","11/19/20"
"Suits: Season 2: High Noon","11/18/20"
"Suits: Season 2: Asterisk","11/17/20"
"Suits: Season 2: Rewind","11/16/20"
"Suits: Season 2: Sucker Punch","11/14/20"
"Suits: Season 2: All In","11/13/20"
"Suits: Season 2: Break Point","11/11/20"
"Suits: Season 2: Discovery","11/10/20"
"Suits: Season 2: Meet the New Boss","11/10/20"
"Suits: Season 2: The Choice","11/9/20"
"Suits: Season 2: She Knows","11/8/20"
"Suits: Season 1: Dog Fight","11/7/20"
"Suits: Season 1: Rules of the Game","11/6/20"
"Suits: Season 1: The Shelf Life","11/6/20"
"Suits: Season 1: Undefeated","11/3/20"
"Suits: Season 1: Identity Crisis","11/2/20"
"Suits: Season 1: Play the Man","11/1/20"
"Suits: Season 1: Tricks of the Trade","10/30/20"
"BLACKPINK: Light Up the Sky","10/30/20"
"Suits: Season 1: Bail Out","10/30/20"
"Suits: Season 1: Dirty Little Secrets","10/28/20"
"Suits: Season 1: Inside Track","10/27/20"
"Suits: Season 1: Errors and Omissions","10/26/20"
"The 100: Season 1: Pilot","10/23/20"
"Emily in Paris: Season 1: Cancel Couture","10/20/20"
"Emily in Paris: Season 1: An American Auction in Paris","10/17/20"
"The Last Days of American Crime","10/16/20"
"Emily in Paris: Season 1: Family Affair","10/16/20"
"Emily in Paris: Season 1: French Ending","10/14/20"
"Stranger: Season 1: Episode 1","10/13/20"
"Emily in Paris: Season 1: Ringarde","10/13/20"
"Emily in Paris: Season 1: Faux Amis","10/13/20"
"Emily in Paris: Season 1: A Kiss Is Just a Kiss","10/11/20"
"Emily in Paris: Season 1: Sexy or Sexist","10/9/20"
"Emily in Paris: Season 1: Masculin Féminin","10/9/20"
"Emily in Paris: Season 1: Emily in Paris","10/9/20"
"Carmen Sandiego: Season 2: The Deep Dive Caper","10/2/20"
"Sneakerheads: Jason F**king Statham","9/30/20"
"Sneakerheads: CSI: Sandwich","9/28/20"
"Sneakerheads: The Match","9/28/20"
"Sneakerheads: Hustling Backwards","9/28/20"
"Sneakerheads: 100% Pure Adrenaline","9/27/20"
"Close Enough: Season 1: Logan's Run/Room Parents","9/27/20"
"Close Enough: Season 1: Quilty Pleasures/The Perfect House","9/27/20"
"Glitch Techs: Season 1: Age of Hinobi","9/27/20"
"Biohackers: Season 1: Betrayal","9/25/20"
"Biohackers: Season 1: Certainty","9/25/20"
"Biohackers: Season 1: Suspicion","9/24/20"
"Biohackers: Season 1: Secrets","9/24/20"
"Under the Riccione Sun","9/23/20"
"The Other Guys","9/23/20"
"Extracurricular: Episode 1","9/18/20"
"Get Even: Get On It","9/18/20"
"White Nights: Episode 1","9/18/20"
"Teenage Bounty Hunters: Cleave or Whatever","9/16/20"
"Teenage Bounty Hunters: Master Debater","9/15/20"
"Broken: Big Vape","9/15/20"
"Teenage Bounty Hunters: Death Is Bad","9/15/20"
"Teenage Bounty Hunters: Basically Pluto","9/13/20"
"Teenage Bounty Hunters: This Must Be How Dumb Kids Feel","9/13/20"
"Teenage Bounty Hunters: What's a Jennings","9/13/20"
"Teenage Bounty Hunters: Daddy's Truck","9/12/20"
"Miraculous: Tales of Ladybug & Cat Noir: Season 2: Part 2: Frightningale","9/9/20"
"On My Block: Season 1: Chapter One","9/9/20"
"Miami Bici","9/9/20"
"Explained: Season 2: Billionaires","9/6/20"
"Connected: Surveillance","9/6/20"
"Carmen Sandiego: Season 2: The African Ice Caper","9/2/20"
"Carmen Sandiego: Season 2: The Stockholm Syndrome Caper","9/2/20"
"Carmen Sandiego: Season 2: The Crackle Goes Kiwi Caper","9/1/20"
"Carmen Sandiego: Season 2: The Boston Tea Party Caper","9/1/20"
"Carmen Sandiego: Season 1: The Duke of Vermeer Caper","8/30/20"
"Carmen Sandiego: Season 1: The Opera in the Outback Caper","8/30/20"
"Carmen Sandiego: Season 2: The Daisho Caper","8/29/20"
"Carmen Sandiego: Season 2: The Hot Rocks of Rio Caper, Part 2","8/27/20"
"Carmen Sandiego: Season 2: The Hot Rocks of Rio Caper, Part 1","8/27/20"
"Good Girls: Season 3: Synergy","8/18/20"
"Good Girls: Season 3: Opportunity","8/18/20"
"Good Girls: Season 3: Incentive","8/16/20"
"Good Girls: Season 3: Nana","8/16/20"
"Good Girls: Season 3: Vegas, Baby","8/13/20"
"Good Girls: Season 3: Frere Jacques","8/11/20"
"Good Girls: Season 3: Au Jus","8/9/20"
"Good Girls: Season 3: The Eye in Survivor","8/9/20"
"Good Girls: Season 3: Egg Roll","8/7/20"
"Good Girls: Season 3: Not Just Cards","8/6/20"
"Good Girls: Season 3: Find Your Beach","8/6/20"
"Good Girls: Season 2: King","8/6/20"
"How to Sell Drugs Online (Fast): Season 2: Don't be evil.","8/5/20"
"How to Sell Drugs Online (Fast): Season 2: Move Fast and Break Things","7/28/20"
"How to Sell Drugs Online (Fast): Season 2: Buy It. Sell It. Love It.","7/27/20"
"How to Sell Drugs Online (Fast): Season 2: Inspired by Real Life","7/26/20"
"How to Sell Drugs Online (Fast): Season 2: Where Do You Want to Go Today?","7/25/20"
"How to Sell Drugs Online (Fast): Season 2: Think Different","7/23/20"
"How to Sell Drugs Online (Fast): Season 1: If You Are the Smartest One in the Room, You're in the Wrong Room","7/23/20"
"How to Sell Drugs Online (Fast): Season 1: Score Big or Don't Score at All","7/23/20"
"How to Sell Drugs Online (Fast): Season 1: If This is Reality, I'm Not Interested","7/22/20"
"How to Sell Drugs Online (Fast): Season 1: Failure is Not an Option","7/22/20"
"How to Sell Drugs Online (Fast): Season 1: Life's Not Fair, Get Used to It","7/22/20"
"How to Sell Drugs Online (Fast): Season 1: Nerd Today, Boss Tomorrow","7/21/20"
"The F**k-It List","7/18/20"
"The To Do List","7/16/20"
"Desperados","7/5/20"
"The Midnight Gospel: Taste of the King","6/29/20"
"Playing Hard","6/29/20"
"Keeping Up with the Kardashians: Season 2: Kim Becomes a Diva","6/29/20"
"Enter the Anime","6/24/20"
"Control Z: Season 1: Public Enemy","6/22/20"
"Control Z: Season 1: Control Z","6/22/20"
"Control Z: Season 1: Birthday Girl","6/22/20"
"Control Z: Season 1: How Well Do You Really Know Javier?","6/21/20"
"Control Z: Season 1: Face to Face","6/20/20"
"Control Z: Season 1: Night School","6/19/20"
"Control Z: Season 1: Idiots","6/17/20"
"Love Alarm: Season 1: The Flash of Lightning Before It Thunders","6/16/20"
"Control Z: Season 1: Victims","6/16/20"
"Itaewon Class: Episode 8","6/13/20"
"Itaewon Class: Episode 7","6/10/20"
"Itaewon Class: Episode 6","6/10/20"
"Itaewon Class: Episode 5","6/9/20"
"Itaewon Class: Episode 4","6/8/20"
"Itaewon Class: Episode 3","6/7/20"
"Itaewon Class: Episode 2","6/6/20"
"Itaewon Class: Episode 1","6/5/20"
"My Holo Love: Limited Series: Episode 1","6/5/20"
"Between: Season 1: School's Out","6/5/20"
"Extracurricular: Episode 10","6/4/20"
"Extracurricular: Episode 9","6/3/20"
"Extracurricular: Episode 8","6/2/20"
"Extracurricular: Episode 7","6/1/20"
"Extracurricular: Episode 6","5/31/20"
"Extracurricular: Episode 5","5/31/20"
"Extracurricular: Episode 4","5/30/20"
"Extracurricular: Episode 3","5/29/20"
"Rick and Morty: Season 1: M. Night Shaym-Aliens!","5/28/20"
"Extracurricular: Episode 2","5/28/20"
"Sweet Magnolias: Season 1: Pour It Out","5/27/20"
"Have a Good Trip: Adventures in Psychedelics","5/26/20"
"Valeria: Season 1: The Impostor","5/26/20"
"The Wrong Missy","5/26/20"
"Parenthood","5/26/20"
"White Lines: Episode 1","5/26/20"
"The Half Of It","5/25/20"
"Never Have I Ever: Season 1: ... had to be on my best behavior","5/24/20"
"Never Have I Ever: Season 1: ... pissed off everyone I know","5/23/20"
"Never Have I Ever: Season 1: ... been a big, fat liar","5/23/20"
"Never Have I Ever: Season 1: ... been the loneliest boy in the world","5/23/20"
"Never Have I Ever: Season 1: ... started a nuclear war","5/21/20"
"Never Have I Ever: Season 1: ... felt super Indian","5/20/20"
"Rising High","5/19/20"
"Never Have I Ever: Season 1: ... gotten drunk with the popular kids","5/18/20"
"Never Have I Ever: Season 1: ... had sex with Paxton Hall-Yoshida","5/17/20"
"Nobody's Fool","5/15/20"
"To Rome With Love","5/14/20"
"30 Minutes or Less","5/12/20"
"Takers","5/12/20"
"Now You See Me","5/11/20"
"Furious 7","5/11/20"
"Dangerous Lies","5/11/20"
"Rich in Love","5/9/20"
"Crazy, Stupid, Love.","5/8/20"
"The Code","5/1/20"
"Sam & Cat: Season 1B: #GettingWiggy","4/30/20"
"Sam & Cat: Season 1B: #DroneBabyDrone","4/30/20"
"Sam & Cat: Season 1B: #BlooperEpisode","4/30/20"
"The Man from U.N.C.L.E.","4/30/20"
"Lucy","4/26/20"
"Mission: Impossible - Rogue Nation","4/24/20"
"Inception","4/18/20"
"Explained: Season 1: Weed","4/16/20"
"Locked Up: Season 1: Harsh Reality","4/14/20"
"Money Heist: Part 1: Episode 1","4/12/20"
"Money Heist: The Phenomenon","4/12/20"
"Money Heist: Part 4: The Paris Plan","4/11/20"
"Explained: Season 1: Extraterrestrial Life","4/10/20"
"Money Heist: Part 4: Strike the Tent","4/9/20"
"Explained: Season 2: The Next Pandemic","4/9/20"
"Money Heist: Part 4: TKO","4/7/20"
"Money Heist: Part 4: 5 Minutes Earlier","4/6/20"
"Money Heist: Part 4: Pasodoble","4/5/20"
"Explained: Season 1: Music","4/5/20"
"Money Heist: Part 4: Anatomy Lesson","4/4/20"
"Money Heist: Part 4: Berlin's Wedding","4/4/20"
"Money Heist: Part 4: Game Over","4/4/20"
"Elite: Season 2: 0 hours missing","4/3/20"
"Money Heist: Part 3: Astray","4/3/20"
"Money Heist: Part 3: A Quick Vacation","4/3/20"
"365 Days","4/3/20"
"Elite: Season 2: 84 hours missing","4/3/20"
"Elite: Season 2: 66 hours missing","4/3/20"
"Money Heist: Part 3: Everything Seemed Insignificant","4/3/20"
"Money Heist: Part 3: Boom, Boom, Ciao","4/2/20"
"Money Heist: Part 3: It's Dolphin Time","4/2/20"
"Money Heist: Part 3: 48 Meters Underground","4/2/20"
"Money Heist: Part 3: Aikido","4/2/20"
"Elite: Season 2: 63 hours missing","4/2/20"
"Elite: Season 2: 59 hours missing","4/2/20"
"Elite: Season 2: 36 hours missing","4/2/20"
"Elite: Season 2: 34 hours missing","4/2/20"
"Elite: Season 2: 20 hours missing","4/2/20"
"Elite: Season 1: Assilah","4/2/20"
"Elite: Season 1: Welcome","4/2/20"
"Nobody Sleeps in the Woods Tonight","4/1/20"
"Better Than Us: Episode 1","4/1/20"
"Toy Boy: Season 1: Pilot","4/1/20"
"Money Heist: Part 3: We're Back","4/1/20"
"All The Bright Places","3/31/20"
"Elite: Season 3: Nadia and Omar","3/30/20"
"Elite: Season 3: Rebeka","3/30/20"
"Elite: Season 3: Ander","3/29/20"
"Elite: Season 3: Lu","3/28/20"
"Elite: Season 3: Cayetana and Valerio","3/28/20"
"Elite: Season 3: Samuel and Guzmán","3/28/20"
"Elite: Season 3: Carla","3/27/20"
"Elite: Season 1: Everything Explodes","3/27/20"
"Elite: Season 1: Everything Will Be Okay","3/27/20"
"Elite: Season 1: Everyone Lies","3/27/20"
"Elite: Season 1: Love is a Drug","3/27/20"
"Elite: Season 1: Saturday Night","3/26/20"
"Elite: Season 1: Desire","3/26/20"
"Sense8: Season 1: I Can’t Leave Her","3/25/20"
"Sense8: Season 2: Amor Vincit Omnia","3/24/20"
"Sense8: Season 2: You Want a War?","3/23/20"
"Sense8: Season 2: If All the World's a Stage, Identity Is Nothing But a Costume","3/23/20"
"Sense8: Season 2: What Family Actually Means","3/22/20"
"Sense8: Season 2: All I Want Right Now Is One More Bullet","3/21/20"
"Sense8: Season 2: I Have No Room In My Heart For Hate","3/21/20"
"Sense8: Season 2: Isolated Above, Connected Below","3/20/20"
"Sense8: Season 2: Fear Never Fixed Anything","3/19/20"
"Sense8: Season 2: Polyphony","3/18/20"
"Sense8: Season 2: Obligate Mutualisms","3/18/20"
"Sense8: Season 2: Who Am I?","3/17/20"
"Sense8: Season 1: Just Turn the Wheel and the Future Changes","3/15/20"
"Sense8: Season 1: What Is Human?","3/15/20"
"Sense8: Season 1: Death Doesn’t Let You Say Goodbye","3/15/20"
"Sense8: Season 1: We Will All Be Judged by the Courage of Our Hearts","3/15/20"
"Sense8: Season 1: Limbic Resonance","3/14/20"
"Sense8: Season 1: W. W. N. Double D?","3/14/20"
"Sense8: Season 1: Demons","3/14/20"
"Sense8: Season 1: Art Is Like Religion","3/13/20"
"Sense8: Season 1: What’s Going On?","3/13/20"
"Sense8: Season 1: Smart Money Is on the Skinny Bitch","3/12/20"
"Sense8: Season 1: I Am Also a We","3/12/20"
"Twice Upon A Time: Don't Leave Me","3/12/20"
"Explained: Season 1: eSports","3/12/20"
"Women of Mafia 2","3/10/20"
"Explained: Season 1: K-Pop","3/10/20"
"Paradise Beach","3/10/20"
"Selling Sunset: Season 1: If Looks Could Sell","3/5/20"
"The End of the F***ing World: Season 1: Episode 1","3/5/20"
"The Mind, Explained: Season 1: Memory","2/20/20"
"Living with Yourself: The Best You Can Be","2/17/20"
"Valentine's Day","2/14/20"
"The Kissing Booth","2/14/20"
"Glow Up: Season 1: Magazine Beauty Editorial","2/14/20"
"Sonic X: Season 1: Chaos Control Freaks","2/14/20"
"What the Love! with Karan Johar: The What the Love! Singles Party","2/14/20"
"The Laundromat","2/14/20"
"Interior Design Masters: Episode 1","2/14/20"
"Uncut Gems","2/12/20"
"The Pursuit of Happyness","2/12/20"
"The Circle: Season 1: Hello, Circle","1/28/20"
"Sex Education: Season 1: Episode 7","1/28/20"
"Sex Education: Season 2: Episode 7","1/26/20"
"Sex Education: Season 2: Episode 6","1/26/20"
"Sex Education: Season 2: Episode 5","1/22/20"
"Sex Education: Season 2: Episode 4","1/21/20"
"Sex Education: Season 2: Episode 3","1/20/20"
"Sex Education: Season 2: Episode 2","1/19/20"
"Sex Education: Season 2: Episode 1","1/18/20"
"Sex, Explained: Limited Series: Attraction","1/18/20"
"Nothing to Hide","1/16/20"
"Mechanic: Resurrection","1/16/20"
"Now You See Me 2","1/16/20"
"Fast & Furious Spy Racers: Season 1: Born a Toretto","1/16/20"
"The World's Most Extraordinary Homes: Season 1: Mountain","1/13/20"
"Sex, Explained: Limited Series: Sexual Fantasies","1/12/20"
"The Witcher: Season 1: The End’s Beginning","1/12/20"
"6 Underground","1/10/20"
"Wonder","1/9/20"
"The Assassination of Gianni Versace: The Man Who Would Be Vogue","1/3/20"
"Merry Happy Whatever: Welcome, Matt","1/3/20"
"The Hook Up Plan: Season 1: The Secret Plan","1/3/20"
"The Mind, Explained: Season 1: Mindfulness","1/2/20"
"The Mind, Explained: Season 1: Psychedelics","1/1/20"
"SpongeBob SquarePants: Season 5: Friend or Foe","12/30/19"
"Black Mirror: Season 5: Striking Vipers","12/28/19"
"Easy: Season 1: Brewery Brothers","12/28/19"
"Sex and the City: The Movie","12/28/19"
"The Mind, Explained: Season 1: Dreams","12/28/19"
"Home for Christmas: Season 1: The Big Christmas Lie","12/27/19"
"Big Mouth: Season 3: Obsessed","12/17/19"
"Rick and Morty: Season 3: Rickmancing the Stone","12/17/19"
"Archer: Season 1: Pilot: Mole Hunt","12/13/19"
"Phineas and Ferb: Season 3: Ferb Latin / Lotsa Latkes","12/11/19"
"Phineas and Ferb: Season 3: Escape from Phineas Tower / The Remains of the Platypus","12/4/19"
"Phineas and Ferb: Season 3: Skiddley Whiffers / Tour de Ferb","12/3/19"
"Phineas and Ferb: Season 3: Phineas and Ferb's Family Christmas Special","12/2/19"
"Hitch","11/29/19"
"Phineas and Ferb: Season 3: Road Trip / Mommy Can You Hear Me?","11/28/19"
"Phineas and Ferb: Season 3: What a Croc! / Ferb TV","11/25/19"
"Phineas and Ferb: Season 3: Agent Doof / Phineas and Ferb and the Temple of Juatchadoon","11/24/19"
"Phineas and Ferb: Season 3: The Mom Attractor / Cranius Maximus","11/24/19"
"Phineas and Ferb: Season 3: The Doonkleberry Imperative / Buford Confidential","11/23/19"
"Rhythm + Flow: Season 1: Los Angeles Auditions","11/23/19"
"Phineas and Ferb: Season 3: Delivery of Destiny / Let's Bounce","11/22/19"
"Phineas and Ferb: Season 3: Sleep Walk Surprise / Sci-Fi Pie Fly","11/19/19"
"Big Mouth: Season 3: Cellsea","11/18/19"
"Big Mouth: Season 3: Girls Are Angry Too","11/12/19"
"Phineas and Ferb: Season 4: The Return of The Rogue Rabbit / Live And Let Drive","11/10/19"
"Phineas and Ferb: Season 4: Thanks But No Thanks/ Troy Story","11/8/19"
"Phineas and Ferb: Season 4: Great Balls Of Water/ Where's Pinky?","11/7/19"
"Phineas and Ferb: Season 4: For Your Ice Only/ Happy New Year!","11/7/19"
"Weeds: You Can't Miss the Bear","11/7/19"
"Bad Teacher","11/7/19"
"Phineas and Ferb: Season 3: Black Out / What'd I Miss?","11/7/19"
"Horrible Bosses","11/5/19"
"Phineas and Ferb: Season 3: This Is Your Back Story","11/2/19"
"Phineas and Ferb: Season 3: Sipping with the Enemy / Tri-State Treasure: Boot of Secrets","11/2/19"
"Trinkets: Season 1: Mirror Faces","11/2/19"
"American Pie Presents: The Naked Mile","11/1/19"
"Phineas and Ferb: Season 3: Mom's in the House / Minor Monogram","10/31/19"
"Locked Up: Season 1: A Day in the Country","10/30/19"
"Phineas and Ferb: Season 3: When Worlds Collide / Road to Danville","10/30/19"
"Phineas and Ferb: Season 3: Quietest Day Ever / Bully Bromance Breakup","10/29/19"
"Locked Up: Season 1: Without Friends","10/28/19"
"Locked Up: Season 1: Everything Happens for a Reason","10/27/19"
"Phineas and Ferb: Season 3: Perry the Actorpus / Bullseye!","10/25/19"
"Phineas and Ferb: Season 3: The Great Indoors / Canderemy","10/25/19"
"Phineas and Ferb: Season 4: Love At First Byte/ One Good Turn","10/24/19"
"Phineas and Ferb: Season 4: La Candace-Cabra/ Happy Birthday, Isabella","10/24/19"
"Locked Up: Season 1: Sewing Tinkerbell","10/24/19"
"Phineas and Ferb: Season 4: Return Policy/ Imperfect Storm","10/23/19"
"Phineas and Ferb: Season 4: Last Day Of Summer: Part 1","10/23/19"
"You Get Me","10/22/19"
"Phineas and Ferb: Season 4: Act Your Age (Part 1 And 2)","10/22/19"
"Phineas and Ferb: Season 4: Doof 101/ Father's Day","10/21/19"
"Phineas and Ferb: Season 4: Lost In Danville/ The Inator Method","10/21/19"
"Locked Up: Season 1: Mom, I Lied to You","10/21/19"
"Locked Up: Season 1: A Bad Day","10/20/19"
"Phineas and Ferb: Season 4: Steampunx/ It's No Picnic","10/19/19"
"Phineas and Ferb: Season 4: Knot My Problem/ Mind Share","10/19/19"
"Phineas and Ferb: Season 4: Der Kinderlumper/ Just Desserts","10/19/19"
"Phineas and Ferb: Season 4: Fly On The Wall/ My Sweet Ride","10/18/19"
"Phineas and Ferb: Season 4: Primal Perry (Part 1 And 2)","10/13/19"
"Phineas and Ferb: Season 4: Sidetracked (Part 1 And 2)","10/13/19"
"The I-Land: Limited Series: Brave New World","10/13/19"
"The Last Kids on Earth: Book 1: The Last Kids on Earth","10/13/19"
"Inside Bill's Brain: Decoding Bill Gates: Limited Series: Part 1","10/10/19"
"Sex Education: Season 1: Episode 6","10/4/19"
"Sex Education: Season 1: Episode 5","10/4/19"
"The Tourist","10/1/19"
"Sex Education: Season 1: Episode 4","9/30/19"
"Sex Education: Season 1: Episode 2","9/24/19"
"Black Mirror: Bandersnatch","9/24/19"
"You: Season 1: Pilot","9/24/19"
"The Wolf of Wall Street","9/23/19"
"When We First Met","9/21/19"
"Who Would You Take to a Deserted Island?","9/20/19"
"Riverdale: Season 1: Chapter One: The River's Edge","9/20/19"
"Dynasty: Season 1: I Hardly Recognized You","9/20/19"
"Girlboss: The Hern","9/9/19"
"MINDHUNTER: Season 1: Episode 1","9/5/19"
"Girlboss: Sophia","9/3/19"
"Orange Is the New Black: Season 1: I Wasn't Ready","9/2/19"
"Someone Great","8/29/19"
"Hamza's Suitcase","8/27/19"
"The Last Summer","8/27/19"
"Stranger Things: Chapter Two: The Weirdo on Maple Street","8/27/19"
"Easy: Season 1: Vegan Cinderella","8/27/19"
"Stranger Things: Chapter One: The Vanishing of Will Byers","8/27/19"
"Otherhood","8/26/19"
"Easy: Season 1: The F**king Study","8/23/19"
"Narcos: Mexico: Season 1: Camelot","8/23/19"
"21","8/22/19"
"Good Girls: Season 2: Jeff","8/21/19"
"Naked","8/20/19"
"Ibiza","8/20/19"
"Expelled","8/19/19"
"Good Girls: Season 2: Hunting Season","8/19/19"
"13 Reasons Why: Season 1: Tape 1, Side A","8/19/19"
"Good Girls: Season 2: This Land Is Your Land","8/17/19"
"Good Girls: Season 2: One Last Time","8/17/19"
"Good Girls: Season 2: Thelma and Louise","8/16/19"
"Good Girls: Season 2: The Dubby","8/16/19"
"Good Girls: Season 2: Take Off Your Pants","8/15/19"
"Good Girls: Season 2: Everything Must Go","8/15/19"
"Good Girls: Season 2: Pick Your Poison","8/14/19"
"Good Girls: Season 2: You Have Reached the Voicemail of Leslie Peterson","8/13/19"
"Good Girls: Season 2: Slow Down, Children at Play","8/13/19"
"Good Girls: Season 2: I'd Rather Be Crafting","8/13/19"
"Good Girls: Season 1: Remix","8/12/19"
"Good Girls: Season 1: Summer of the Shark","8/12/19"
"Good Girls: Season 1: Shutdown","8/12/19"
"Good Girls: Season 1: Special Sauce","8/11/19"
"Good Girls: Season 1: A View from the Top","8/11/19"
"Good Girls: Season 1: Taking Care of Business","8/11/19"
"Good Girls: Season 1: Atom Bomb","8/9/19"
"Good Girls: Season 1: Borderline","8/8/19"
"Good Girls: Season 1: Mo Money Mo Problems","8/8/19"
"Good Girls: Season 1: Pilot","8/8/19"
"The Perfect Date","8/7/19"
"WHAT / IF: Part I: What Now","7/26/19"
"Black Mirror: Season 3: Playtest","7/18/19"
"Black Mirror: Season 3: Nosedive","7/13/19"
"Money Heist: Part 2: Episode 9","7/13/19"
"Black Mirror: Season 4: Black Museum","7/12/19"
"Money Heist: Part 2: Episode 8","7/11/19"
"Money Heist: Part 2: Episode 6","7/9/19"
"Money Heist: Part 2: Episode 5","7/9/19"
"Money Heist: Part 2: Episode 4","7/9/19"
"Money Heist: Part 2: Episode 3","7/9/19"
"Money Heist: Part 2: Episode 2","7/8/19"
"Money Heist: Part 2: Episode 1","7/8/19"
"Money Heist: Part 1: Episode 13","7/8/19"
"Money Heist: Part 1: Episode 12","7/8/19"
"Money Heist: Part 1: Episode 11","7/7/19"
"Money Heist: Part 1: Episode 10","7/6/19"
"Money Heist: Part 1: Episode 9","7/6/19"
"Money Heist: Part 1: Episode 8","7/6/19"
"Money Heist: Part 1: Episode 7","7/6/19"
"Money Heist: Part 1: Episode 6","7/6/19"
"Money Heist: Part 1: Episode 5","7/6/19"
"Money Heist: Part 1: Episode 4","7/5/19"
"Money Heist: Part 1: Episode 3","7/5/19"
"Money Heist: Part 1: Episode 2","7/5/19"
"Jane The Virgin: Season 1: Chapter One: Pilot","7/5/19"
"Black Mirror: Season 4: Metalhead","7/3/19"
"Friends: The One Where Monica Gets a Roommate (Pilot)","7/1/19"
"WHAT / IF: Part I: Pilot","6/30/19"
"Always Be My Maybe","6/30/19"
"Bad Blood: Scar Tissue","6/30/19"
"Black Mirror: Season 4: Hang the DJ","6/30/19"
"Black Mirror: Season 4: Crocodile","6/29/19"
"Black Mirror: Season 4: Arkangel","6/28/19"
"Black Mirror: Season 4: USS Callister","6/27/19"
"Black Mirror: Season 5: Rachel, Jack and Ashley Too","6/26/19"
"Black Mirror: Season 5: Smithereens","6/26/19"
"Murder Mystery","6/14/19"
